query,exploreLink,rank,date
普發6000,/trends/explore?q=%E6%99%AE%E7%99%BC6000&date=today+1-m&geo=TW,1,2023-03-16
台企銀,/trends/explore?q=%E5%8F%B0%E4%BC%81%E9%8A%80&date=today+1-m&geo=TW,2,2023-03-16
輕航機,/trends/explore?q=%E8%BC%95%E8%88%AA%E6%A9%9F&date=today+1-m&geo=TW,3,2023-03-16
郭文貴,/trends/explore?q=%E9%83%AD%E6%96%87%E8%B2%B4&date=today+1-m&geo=TW,4,2023-03-16
經典賽戰績,/trends/explore?q=%E7%B6%93%E5%85%B8%E8%B3%BD%E6%88%B0%E7%B8%BE&date=today+1-m&geo=TW,5,2023-03-16
Edwin Diaz,/trends/explore?q=Edwin+Diaz&date=today+1-m&geo=TW,6,2023-03-16
張忠謀,/trends/explore?q=%E5%BC%B5%E5%BF%A0%E8%AC%80&date=today+1-m&geo=TW,7,2023-03-16
賴清德,/trends/explore?q=%E8%B3%B4%E6%B8%85%E5%BE%B7&date=today+1-m&geo=TW,8,2023-03-16
岡本和真,/trends/explore?q=%E5%B2%A1%E6%9C%AC%E5%92%8C%E7%9C%9F&date=today+1-m&geo=TW,9,2023-03-16
波多黎各,/trends/explore?q=%E6%B3%A2%E5%A4%9A%E9%BB%8E%E5%90%84&date=today+1-m&geo=TW,10,2023-03-16
沙贊2,/trends/explore?q=%E6%B2%99%E8%B4%8A2&date=today+1-m&geo=TW,11,2023-03-16
文心一言,/trends/explore?q=%E6%96%87%E5%BF%83%E4%B8%80%E8%A8%80&date=today+1-m&geo=TW,12,2023-03-16
就饗鐵板燒,/trends/explore?q=%E5%B0%B1%E9%A5%97%E9%90%B5%E6%9D%BF%E7%87%92&date=today+1-m&geo=TW,13,2023-03-16
邱國正,/trends/explore?q=%E9%82%B1%E5%9C%8B%E6%AD%A3&date=today+1-m&geo=TW,14,2023-03-16
琳賽蘿涵,/trends/explore?q=%E7%90%B3%E8%B3%BD%E8%98%BF%E6%B6%B5&date=today+1-m&geo=TW,15,2023-03-16
范少勳,/trends/explore?q=%E8%8C%83%E5%B0%91%E5%8B%B3&date=today+1-m&geo=TW,16,2023-03-16
紐西蘭,/trends/explore?q=%E7%B4%90%E8%A5%BF%E8%98%AD&date=today+1-m&geo=TW,17,2023-03-16
阿爾比恩,/trends/explore?q=%E9%98%BF%E7%88%BE%E6%AF%94%E6%81%A9&date=today+1-m&geo=TW,18,2023-03-16
BLACKPINK,/trends/explore?q=BLACKPINK&date=today+1-m&geo=TW,1,2023-03-17
菅原初代,/trends/explore?q=%E8%8F%85%E5%8E%9F%E5%88%9D%E4%BB%A3&date=today+1-m&geo=TW,2,2023-03-17
樂天,/trends/explore?q=%E6%A8%82%E5%A4%A9&date=today+1-m&geo=TW,3,2023-03-17
Copilot,/trends/explore?q=Copilot&date=today+1-m&geo=TW,4,2023-03-17
林昶佐,/trends/explore?q=%E6%9E%97%E6%98%B6%E4%BD%90&date=today+1-m&geo=TW,5,2023-03-17
中華職棒,/trends/explore?q=%E4%B8%AD%E8%8F%AF%E8%81%B7%E6%A3%92&date=today+1-m&geo=TW,6,2023-03-17
勞斯萊斯,/trends/explore?q=%E5%8B%9E%E6%96%AF%E8%90%8A%E6%96%AF&date=today+1-m&geo=TW,7,2023-03-17
世界睡眠日,/trends/explore?q=%E4%B8%96%E7%95%8C%E7%9D%A1%E7%9C%A0%E6%97%A5&date=today+1-m&geo=TW,8,2023-03-17
電價調漲,/trends/explore?q=%E9%9B%BB%E5%83%B9%E8%AA%BF%E6%BC%B2&date=today+1-m&geo=TW,9,2023-03-17
小美人魚,/trends/explore?q=%E5%B0%8F%E7%BE%8E%E4%BA%BA%E9%AD%9A&date=today+1-m&geo=TW,10,2023-03-17
韓韶禧,/trends/explore?q=%E9%9F%93%E9%9F%B6%E7%A6%A7&date=today+1-m&geo=TW,11,2023-03-17
NMIXX,/trends/explore?q=NMIXX&date=today+1-m&geo=TW,12,2023-03-17
輕航機墜毀,/trends/explore?q=%E8%BC%95%E8%88%AA%E6%A9%9F%E5%A2%9C%E6%AF%80&date=today+1-m&geo=TW,13,2023-03-17
第一共和銀行,/trends/explore?q=%E7%AC%AC%E4%B8%80%E5%85%B1%E5%92%8C%E9%8A%80%E8%A1%8C&date=today+1-m&geo=TW,14,2023-03-17
英業達,/trends/explore?q=%E8%8B%B1%E6%A5%AD%E9%81%94&date=today+1-m&geo=TW,15,2023-03-17
Jisoo,/trends/explore?q=Jisoo&date=today+1-m&geo=TW,1,2023-03-18
Lisa,/trends/explore?q=Lisa&date=today+1-m&geo=TW,2,2023-03-18
捍衛任務,/trends/explore?q=%E6%8D%8D%E8%A1%9B%E4%BB%BB%E5%8B%99&date=today+1-m&geo=TW,3,2023-03-18
草蜢,/trends/explore?q=%E8%8D%89%E8%9C%A2&date=today+1-m&geo=TW,4,2023-03-18
暗黑破壞神4,/trends/explore?q=%E6%9A%97%E9%BB%91%E7%A0%B4%E5%A3%9E%E7%A5%9E4&date=today+1-m&geo=TW,5,2023-03-18
F1,/trends/explore?q=F1&date=today+1-m&geo=TW,6,2023-03-18
經典賽四強,/trends/explore?q=%E7%B6%93%E5%85%B8%E8%B3%BD%E5%9B%9B%E5%BC%B7&date=today+1-m&geo=TW,7,2023-03-18
安洗瑩,/trends/explore?q=%E5%AE%89%E6%B4%97%E7%91%A9&date=today+1-m&geo=TW,8,2023-03-18
松本梨香,/trends/explore?q=%E6%9D%BE%E6%9C%AC%E6%A2%A8%E9%A6%99&date=today+1-m&geo=TW,9,2023-03-18
呆呆獸,/trends/explore?q=%E5%91%86%E5%91%86%E7%8D%B8&date=today+1-m&geo=TW,10,2023-03-18
國際刑事法院,/trends/explore?q=%E5%9C%8B%E9%9A%9B%E5%88%91%E4%BA%8B%E6%B3%95%E9%99%A2&date=today+1-m&geo=TW,11,2023-03-18
沙贊!眾神之怒,/trends/explore?q=%E6%B2%99%E8%B4%8A!%E7%9C%BE%E7%A5%9E%E4%B9%8B%E6%80%92&date=today+1-m&geo=TW,12,2023-03-18
暗黑破壞神,/trends/explore?q=%E6%9A%97%E9%BB%91%E7%A0%B4%E5%A3%9E%E7%A5%9E&date=today+1-m&geo=TW,13,2023-03-18
馬英九,/trends/explore?q=%E9%A6%AC%E8%8B%B1%E4%B9%9D&date=today+1-m&geo=TW,1,2023-03-19
陳奕迅,/trends/explore?q=%E9%99%B3%E5%A5%95%E8%BF%85&date=today+1-m&geo=TW,2,2023-03-19
萬金石馬拉松,/trends/explore?q=%E8%90%AC%E9%87%91%E7%9F%B3%E9%A6%AC%E6%8B%89%E6%9D%BE&date=today+1-m&geo=TW,3,2023-03-19
賈永婕,/trends/explore?q=%E8%B3%88%E6%B0%B8%E5%A9%95&date=today+1-m&geo=TW,4,2023-03-19
殭屍病毒,/trends/explore?q=%E6%AE%AD%E5%B1%8D%E7%97%85%E6%AF%92&date=today+1-m&geo=TW,5,2023-03-19
委內瑞拉,/trends/explore?q=%E5%A7%94%E5%85%A7%E7%91%9E%E6%8B%89&date=today+1-m&geo=TW,6,2023-03-19
林書豪,/trends/explore?q=%E6%9E%97%E6%9B%B8%E8%B1%AA&date=today+1-m&geo=TW,7,2023-03-19
重機,/trends/explore?q=%E9%87%8D%E6%A9%9F&date=today+1-m&geo=TW,8,2023-03-19
選策會,/trends/explore?q=%E9%81%B8%E7%AD%96%E6%9C%83&date=today+1-m&geo=TW,9,2023-03-19
淡水,/trends/explore?q=%E6%B7%A1%E6%B0%B4&date=today+1-m&geo=TW,10,2023-03-19
Black,/trends/explore?q=Black&date=today+1-m&geo=TW,11,2023-03-19
吳怡農,/trends/explore?q=%E5%90%B3%E6%80%A1%E8%BE%B2&date=today+1-m&geo=TW,12,2023-03-19
6000登記,/trends/explore?q=6000%E7%99%BB%E8%A8%98&date=today+1-m&geo=TW,1,2023-03-20
普發6000,/trends/explore?q=%E6%99%AE%E7%99%BC6000&date=today+1-m&geo=TW,2,2023-03-20
瑞士信貸,/trends/explore?q=%E7%91%9E%E5%A3%AB%E4%BF%A1%E8%B2%B8&date=today+1-m&geo=TW,3,2023-03-20
6000普發,/trends/explore?q=6000%E6%99%AE%E7%99%BC&date=today+1-m&geo=TW,4,2023-03-20
春分,/trends/explore?q=%E6%98%A5%E5%88%86&date=today+1-m&geo=TW,5,2023-03-20
台中停水,/trends/explore?q=%E5%8F%B0%E4%B8%AD%E5%81%9C%E6%B0%B4&date=today+1-m&geo=TW,6,2023-03-20
6000普發線上申請,/trends/explore?q=6000%E6%99%AE%E7%99%BC%E7%B7%9A%E4%B8%8A%E7%94%B3%E8%AB%8B&date=today+1-m&geo=TW,7,2023-03-20
王世堅,/trends/explore?q=%E7%8E%8B%E4%B8%96%E5%A0%85&date=today+1-m&geo=TW,8,2023-03-20
布魯斯威利,/trends/explore?q=%E5%B8%83%E9%AD%AF%E6%96%AF%E5%A8%81%E5%88%A9&date=today+1-m&geo=TW,9,2023-03-20
Harry Styles,/trends/explore?q=Harry+Styles&date=today+1-m&geo=TW,10,2023-03-20
SE7EN,/trends/explore?q=SE7EN&date=today+1-m&geo=TW,11,2023-03-20
輔大陳若儀,/trends/explore?q=%E8%BC%94%E5%A4%A7%E9%99%B3%E8%8B%A5%E5%84%80&date=today+1-m&geo=TW,12,2023-03-20
普發6000資格,/trends/explore?q=%E6%99%AE%E7%99%BC6000%E8%B3%87%E6%A0%BC&date=today+1-m&geo=TW,13,2023-03-20
蔡適應,/trends/explore?q=%E8%94%A1%E9%81%A9%E6%87%89&date=today+1-m&geo=TW,14,2023-03-20
士林停電,/trends/explore?q=%E5%A3%AB%E6%9E%97%E5%81%9C%E9%9B%BB&date=today+1-m&geo=TW,15,2023-03-20
潤泰新,/trends/explore?q=%E6%BD%A4%E6%B3%B0%E6%96%B0&date=today+1-m&geo=TW,16,2023-03-20
阿爾比恩,/trends/explore?q=%E9%98%BF%E7%88%BE%E6%AF%94%E6%81%A9&date=today+1-m&geo=TW,17,2023-03-20
劉真,/trends/explore?q=%E5%8A%89%E7%9C%9F&date=today+1-m&geo=TW,18,2023-03-20
國泰金,/trends/explore?q=%E5%9C%8B%E6%B3%B0%E9%87%91&date=today+1-m&geo=TW,19,2023-03-20
鍾逸人,/trends/explore?q=%E9%8D%BE%E9%80%B8%E4%BA%BA&date=today+1-m&geo=TW,20,2023-03-20
大谷翔平,/trends/explore?q=%E5%A4%A7%E8%B0%B7%E7%BF%94%E5%B9%B3&date=today+1-m&geo=TW,1,2023-03-21
地震,/trends/explore?q=%E5%9C%B0%E9%9C%87&date=today+1-m&geo=TW,2,2023-03-21
楊智惠,/trends/explore?q=%E6%A5%8A%E6%99%BA%E6%83%A0&date=today+1-m&geo=TW,3,2023-03-21
吉田正尚,/trends/explore?q=%E5%90%89%E7%94%B0%E6%AD%A3%E5%B0%9A&date=today+1-m&geo=TW,4,2023-03-21
普發6000登記,/trends/explore?q=%E6%99%AE%E7%99%BC6000%E7%99%BB%E8%A8%98&date=today+1-m&geo=TW,5,2023-03-21
6000元登記,/trends/explore?q=6000%E5%85%83%E7%99%BB%E8%A8%98&date=today+1-m&geo=TW,6,2023-03-21
猴痘,/trends/explore?q=%E7%8C%B4%E7%97%98&date=today+1-m&geo=TW,7,2023-03-21
全民共享普發現金,/trends/explore?q=%E5%85%A8%E6%B0%91%E5%85%B1%E4%BA%AB%E6%99%AE%E7%99%BC%E7%8F%BE%E9%87%91&date=today+1-m&geo=TW,8,2023-03-21
繁星,/trends/explore?q=%E7%B9%81%E6%98%9F&date=today+1-m&geo=TW,9,2023-03-21
馮淬帆,/trends/explore?q=%E9%A6%AE%E6%B7%AC%E5%B8%86&date=today+1-m&geo=TW,10,2023-03-21
普發現金,/trends/explore?q=%E6%99%AE%E7%99%BC%E7%8F%BE%E9%87%91&date=today+1-m&geo=TW,11,2023-03-21
普發,/trends/explore?q=%E6%99%AE%E7%99%BC&date=today+1-m&geo=TW,12,2023-03-21
春閨夢裡人,/trends/explore?q=%E6%98%A5%E9%96%A8%E5%A4%A2%E8%A3%A1%E4%BA%BA&date=today+1-m&geo=TW,13,2023-03-21
吳姍儒,/trends/explore?q=%E5%90%B3%E5%A7%8D%E5%84%92&date=today+1-m&geo=TW,14,2023-03-21
Merrill Kelly,/trends/explore?q=Merrill+Kelly&date=today+1-m&geo=TW,15,2023-03-21
呂孫綾,/trends/explore?q=%E5%91%82%E5%AD%AB%E7%B6%BE&date=today+1-m&geo=TW,16,2023-03-21
天赦日拜拜,/trends/explore?q=%E5%A4%A9%E8%B5%A6%E6%97%A5%E6%8B%9C%E6%8B%9C&date=today+1-m&geo=TW,17,2023-03-21
卡莉怪妞,/trends/explore?q=%E5%8D%A1%E8%8E%89%E6%80%AA%E5%A6%9E&date=today+1-m&geo=TW,18,2023-03-21
韋禮安,/trends/explore?q=%E9%9F%8B%E7%A6%AE%E5%AE%89&date=today+1-m&geo=TW,19,2023-03-21
神里綾華,/trends/explore?q=%E7%A5%9E%E9%87%8C%E7%B6%BE%E8%8F%AF&date=today+1-m&geo=TW,20,2023-03-21
6000登記,/trends/explore?q=6000%E7%99%BB%E8%A8%98&date=today+1-m&geo=TW,1,2023-03-22
捍衛任務4,/trends/explore?q=%E6%8D%8D%E8%A1%9B%E4%BB%BB%E5%8B%994&date=today+1-m&geo=TW,2,2023-03-22
艾成弟弟,/trends/explore?q=%E8%89%BE%E6%88%90%E5%BC%9F%E5%BC%9F&date=today+1-m&geo=TW,3,2023-03-22
吳兆絃,/trends/explore?q=%E5%90%B3%E5%85%86%E7%B5%83&date=today+1-m&geo=TW,4,2023-03-22
電子煙,/trends/explore?q=%E9%9B%BB%E5%AD%90%E7%85%99&date=today+1-m&geo=TW,5,2023-03-22
Fed,/trends/explore?q=Fed&date=today+1-m&geo=TW,6,2023-03-22
張天霖,/trends/explore?q=%E5%BC%B5%E5%A4%A9%E9%9C%96&date=today+1-m&geo=TW,7,2023-03-22
桃園,/trends/explore?q=%E6%A1%83%E5%9C%92&date=today+1-m&geo=TW,8,2023-03-22
桃園墜樓,/trends/explore?q=%E6%A1%83%E5%9C%92%E5%A2%9C%E6%A8%93&date=today+1-m&geo=TW,9,2023-03-22
高橋宏斗,/trends/explore?q=%E9%AB%98%E6%A9%8B%E5%AE%8F%E6%96%97&date=today+1-m&geo=TW,10,2023-03-22
栗山英樹,/trends/explore?q=%E6%A0%97%E5%B1%B1%E8%8B%B1%E6%A8%B9&date=today+1-m&geo=TW,11,2023-03-22
Bard,/trends/explore?q=Bard&date=today+1-m&geo=TW,12,2023-03-22
鈴木一朗,/trends/explore?q=%E9%88%B4%E6%9C%A8%E4%B8%80%E6%9C%97&date=today+1-m&geo=TW,13,2023-03-22
岡本和真,/trends/explore?q=%E5%B2%A1%E6%9C%AC%E5%92%8C%E7%9C%9F&date=today+1-m&geo=TW,14,2023-03-22
全訊,/trends/explore?q=%E5%85%A8%E8%A8%8A&date=today+1-m&geo=TW,15,2023-03-22
愛莉莎莎,/trends/explore?q=%E6%84%9B%E8%8E%89%E8%8E%8E%E8%8E%8E&date=today+1-m&geo=TW,16,2023-03-22
瀧澤秀明,/trends/explore?q=%E7%80%A7%E6%BE%A4%E7%A7%80%E6%98%8E&date=today+1-m&geo=TW,17,2023-03-22
小熊維尼血與蜜,/trends/explore?q=%E5%B0%8F%E7%86%8A%E7%B6%AD%E5%B0%BC%E8%A1%80%E8%88%87%E8%9C%9C&date=today+1-m&geo=TW,18,2023-03-22
東非狒狒,/trends/explore?q=%E6%9D%B1%E9%9D%9E%E7%8B%92%E7%8B%92&date=today+1-m&geo=TW,1,2023-03-23
6000元登記,/trends/explore?q=6000%E5%85%83%E7%99%BB%E8%A8%98&date=today+1-m&geo=TW,2,2023-03-23
央行升息,/trends/explore?q=%E5%A4%AE%E8%A1%8C%E5%8D%87%E6%81%AF&date=today+1-m&geo=TW,3,2023-03-23
虎航,/trends/explore?q=%E8%99%8E%E8%88%AA&date=today+1-m&geo=TW,4,2023-03-23
輔大陳若儀,/trends/explore?q=%E8%BC%94%E5%A4%A7%E9%99%B3%E8%8B%A5%E5%84%80&date=today+1-m&geo=TW,5,2023-03-23
豐原高中霸凌,/trends/explore?q=%E8%B1%90%E5%8E%9F%E9%AB%98%E4%B8%AD%E9%9C%B8%E5%87%8C&date=today+1-m&geo=TW,6,2023-03-23
DAO,/trends/explore?q=DAO&date=today+1-m&geo=TW,7,2023-03-23
怪風,/trends/explore?q=%E6%80%AA%E9%A2%A8&date=today+1-m&geo=TW,8,2023-03-23
嘉澤,/trends/explore?q=%E5%98%89%E6%BE%A4&date=today+1-m&geo=TW,9,2023-03-23
篠田麻里子,/trends/explore?q=%E7%AF%A0%E7%94%B0%E9%BA%BB%E9%87%8C%E5%AD%90&date=today+1-m&geo=TW,10,2023-03-23
謝長廷,/trends/explore?q=%E8%AC%9D%E9%95%B7%E5%BB%B7&date=today+1-m&geo=TW,11,2023-03-23
楓之谷,/trends/explore?q=%E6%A5%93%E4%B9%8B%E8%B0%B7&date=today+1-m&geo=TW,12,2023-03-23
國泰金,/trends/explore?q=%E5%9C%8B%E6%B3%B0%E9%87%91&date=today+1-m&geo=TW,13,2023-03-23
佐藤健,/trends/explore?q=%E4%BD%90%E8%97%A4%E5%81%A5&date=today+1-m&geo=TW,14,2023-03-23
颱風,/trends/explore?q=%E9%A2%B1%E9%A2%A8&date=today+1-m&geo=TW,15,2023-03-23
東哥遊艇,/trends/explore?q=%E6%9D%B1%E5%93%A5%E9%81%8A%E8%89%87&date=today+1-m&geo=TW,16,2023-03-23
林志穎,/trends/explore?q=%E6%9E%97%E5%BF%97%E7%A9%8E&date=today+1-m&geo=TW,17,2023-03-23
FOMC,/trends/explore?q=FOMC&date=today+1-m&geo=TW,18,2023-03-23
沙塵暴,/trends/explore?q=%E6%B2%99%E5%A1%B5%E6%9A%B4&date=today+1-m&geo=TW,19,2023-03-23
台半,/trends/explore?q=%E5%8F%B0%E5%8D%8A&date=today+1-m&geo=TW,20,2023-03-23
普發6000登記,/trends/explore?q=%E6%99%AE%E7%99%BC6000%E7%99%BB%E8%A8%98&date=today+1-m&geo=TW,1,2023-03-24
月掩金星,/trends/explore?q=%E6%9C%88%E6%8E%A9%E9%87%91%E6%98%9F&date=today+1-m&geo=TW,2,2023-03-24
解婕翎,/trends/explore?q=%E8%A7%A3%E5%A9%95%E7%BF%8E&date=today+1-m&geo=TW,3,2023-03-24
德意志銀行,/trends/explore?q=%E5%BE%B7%E6%84%8F%E5%BF%97%E9%8A%80%E8%A1%8C&date=today+1-m&geo=TW,4,2023-03-24
UBA,/trends/explore?q=UBA&date=today+1-m&geo=TW,5,2023-03-24
侯友宜,/trends/explore?q=%E4%BE%AF%E5%8F%8B%E5%AE%9C&date=today+1-m&geo=TW,6,2023-03-24
小智比雕,/trends/explore?q=%E5%B0%8F%E6%99%BA%E6%AF%94%E9%9B%95&date=today+1-m&geo=TW,7,2023-03-24
耳念珠菌,/trends/explore?q=%E8%80%B3%E5%BF%B5%E7%8F%A0%E8%8F%8C&date=today+1-m&geo=TW,8,2023-03-24
盧秀燕,/trends/explore?q=%E7%9B%A7%E7%A7%80%E7%87%95&date=today+1-m&geo=TW,9,2023-03-24
徐巧芯,/trends/explore?q=%E5%BE%90%E5%B7%A7%E8%8A%AF&date=today+1-m&geo=TW,10,2023-03-24
賴清德,/trends/explore?q=%E8%B3%B4%E6%B8%85%E5%BE%B7&date=today+1-m&geo=TW,11,2023-03-24
漢唐,/trends/explore?q=%E6%BC%A2%E5%94%90&date=today+1-m&geo=TW,12,2023-03-24
國道7號,/trends/explore?q=%E5%9C%8B%E9%81%937%E8%99%9F&date=today+1-m&geo=TW,13,2023-03-24
周受資,/trends/explore?q=%E5%91%A8%E5%8F%97%E8%B3%87&date=today+1-m&geo=TW,14,2023-03-24
楊丞琳,/trends/explore?q=%E6%A5%8A%E4%B8%9E%E7%90%B3&date=today+1-m&geo=TW,15,2023-03-24
武陵農場,/trends/explore?q=%E6%AD%A6%E9%99%B5%E8%BE%B2%E5%A0%B4&date=today+1-m&geo=TW,16,2023-03-24
伊朗,/trends/explore?q=%E4%BC%8A%E6%9C%97&date=today+1-m&geo=TW,17,2023-03-24
陳建仁,/trends/explore?q=%E9%99%B3%E5%BB%BA%E4%BB%81&date=today+1-m&geo=TW,18,2023-03-24
蔣萬安,/trends/explore?q=%E8%94%A3%E8%90%AC%E5%AE%89&date=today+1-m&geo=TW,19,2023-03-24
總統,/trends/explore?q=%E7%B8%BD%E7%B5%B1&date=today+1-m&geo=TW,20,2023-03-24
統一發票,/trends/explore?q=%E7%B5%B1%E4%B8%80%E7%99%BC%E7%A5%A8&date=today+1-m&geo=TW,1,2023-03-25
水庫,/trends/explore?q=%E6%B0%B4%E5%BA%AB&date=today+1-m&geo=TW,2,2023-03-25
雲端發票,/trends/explore?q=%E9%9B%B2%E7%AB%AF%E7%99%BC%E7%A5%A8&date=today+1-m&geo=TW,3,2023-03-25
陳美雲,/trends/explore?q=%E9%99%B3%E7%BE%8E%E9%9B%B2&date=today+1-m&geo=TW,4,2023-03-25
摩爾定律,/trends/explore?q=%E6%91%A9%E7%88%BE%E5%AE%9A%E5%BE%8B&date=today+1-m&geo=TW,5,2023-03-25
葉丙成,/trends/explore?q=%E8%91%89%E4%B8%99%E6%88%90&date=today+1-m&geo=TW,6,2023-03-25
普發登記,/trends/explore?q=%E6%99%AE%E7%99%BC%E7%99%BB%E8%A8%98&date=today+1-m&geo=TW,7,2023-03-25
告五人,/trends/explore?q=%E5%91%8A%E4%BA%94%E4%BA%BA&date=today+1-m&geo=TW,8,2023-03-25
鼎泰豐創辦人,/trends/explore?q=%E9%BC%8E%E6%B3%B0%E8%B1%90%E5%89%B5%E8%BE%A6%E4%BA%BA&date=today+1-m&geo=TW,9,2023-03-25
T1,/trends/explore?q=T1&date=today+1-m&geo=TW,10,2023-03-25
京星港式飲茶,/trends/explore?q=%E4%BA%AC%E6%98%9F%E6%B8%AF%E5%BC%8F%E9%A3%B2%E8%8C%B6&date=today+1-m&geo=TW,11,2023-03-25
楊烈,/trends/explore?q=%E6%A5%8A%E7%83%88&date=today+1-m&geo=TW,12,2023-03-25
捷克,/trends/explore?q=%E6%8D%B7%E5%85%8B&date=today+1-m&geo=TW,13,2023-03-25
中村倫也,/trends/explore?q=%E4%B8%AD%E6%9D%91%E5%80%AB%E4%B9%9F&date=today+1-m&geo=TW,14,2023-03-25
微博之夜,/trends/explore?q=%E5%BE%AE%E5%8D%9A%E4%B9%8B%E5%A4%9C&date=today+1-m&geo=TW,15,2023-03-25
邱澤,/trends/explore?q=%E9%82%B1%E6%BE%A4&date=today+1-m&geo=TW,16,2023-03-25
AK47,/trends/explore?q=AK47&date=today+1-m&geo=TW,17,2023-03-25
東方設計大學,/trends/explore?q=%E6%9D%B1%E6%96%B9%E8%A8%AD%E8%A8%88%E5%A4%A7%E5%AD%B8&date=today+1-m&geo=TW,18,2023-03-25
翡翠水庫,/trends/explore?q=%E7%BF%A1%E7%BF%A0%E6%B0%B4%E5%BA%AB&date=today+1-m&geo=TW,19,2023-03-25
暗黑破壞神4 公測,/trends/explore?q=%E6%9A%97%E9%BB%91%E7%A0%B4%E5%A3%9E%E7%A5%9E4+%E5%85%AC%E6%B8%AC&date=today+1-m&geo=TW,20,2023-03-25
6000普發,/trends/explore?q=6000%E6%99%AE%E7%99%BC&date=today+1-m&geo=TW,1,2023-03-26
洪都拉斯,/trends/explore?q=%E6%B4%AA%E9%83%BD%E6%8B%89%E6%96%AF&date=today+1-m&geo=TW,2,2023-03-26
富統食品,/trends/explore?q=%E5%AF%8C%E7%B5%B1%E9%A3%9F%E5%93%81&date=today+1-m&geo=TW,3,2023-03-26
張清芳演唱會,/trends/explore?q=%E5%BC%B5%E6%B8%85%E8%8A%B3%E6%BC%94%E5%94%B1%E6%9C%83&date=today+1-m&geo=TW,4,2023-03-26
瑞士公開賽,/trends/explore?q=%E7%91%9E%E5%A3%AB%E5%85%AC%E9%96%8B%E8%B3%BD&date=today+1-m&geo=TW,5,2023-03-26
林書豪,/trends/explore?q=%E6%9E%97%E6%9B%B8%E8%B1%AA&date=today+1-m&geo=TW,6,2023-03-26
發票 12,/trends/explore?q=%E7%99%BC%E7%A5%A8+12&date=today+1-m&geo=TW,7,2023-03-26
詹雅雯,/trends/explore?q=%E8%A9%B9%E9%9B%85%E9%9B%AF&date=today+1-m&geo=TW,8,2023-03-26
帛琉,/trends/explore?q=%E5%B8%9B%E7%90%89&date=today+1-m&geo=TW,9,2023-03-26
蕭敬騰,/trends/explore?q=%E8%95%AD%E6%95%AC%E9%A8%B0&date=today+1-m&geo=TW,10,2023-03-26
廖老大火燒車,/trends/explore?q=%E5%BB%96%E8%80%81%E5%A4%A7%E7%81%AB%E7%87%92%E8%BB%8A&date=today+1-m&geo=TW,11,2023-03-26
88槍擊案,/trends/explore?q=88%E6%A7%8D%E6%93%8A%E6%A1%88&date=today+1-m&geo=TW,12,2023-03-26
林志傑,/trends/explore?q=%E6%9E%97%E5%BF%97%E5%82%91&date=today+1-m&geo=TW,13,2023-03-26
金馬奇幻影展,/trends/explore?q=%E9%87%91%E9%A6%AC%E5%A5%87%E5%B9%BB%E5%BD%B1%E5%B1%95&date=today+1-m&geo=TW,14,2023-03-26
林秋離,/trends/explore?q=%E6%9E%97%E7%A7%8B%E9%9B%A2&date=today+1-m&geo=TW,15,2023-03-26
災難,/trends/explore?q=%E7%81%BD%E9%9B%A3&date=today+1-m&geo=TW,16,2023-03-26
吳宗憲,/trends/explore?q=%E5%90%B3%E5%AE%97%E6%86%B2&date=today+1-m&geo=TW,17,2023-03-26
狒狒死亡,/trends/explore?q=%E7%8B%92%E7%8B%92%E6%AD%BB%E4%BA%A1&date=today+1-m&geo=TW,1,2023-03-27
6000登記,/trends/explore?q=6000%E7%99%BB%E8%A8%98&date=today+1-m&geo=TW,2,2023-03-27
盧秀燕,/trends/explore?q=%E7%9B%A7%E7%A7%80%E7%87%95&date=today+1-m&geo=TW,3,2023-03-27
馬英九,/trends/explore?q=%E9%A6%AC%E8%8B%B1%E4%B9%9D&date=today+1-m&geo=TW,4,2023-03-27
85度C,/trends/explore?q=85%E5%BA%A6C&date=today+1-m&geo=TW,5,2023-03-27
佐藤健,/trends/explore?q=%E4%BD%90%E8%97%A4%E5%81%A5&date=today+1-m&geo=TW,6,2023-03-27
劉宇寧,/trends/explore?q=%E5%8A%89%E5%AE%87%E5%AF%A7&date=today+1-m&geo=TW,7,2023-03-27
勇士,/trends/explore?q=%E5%8B%87%E5%A3%AB&date=today+1-m&geo=TW,8,2023-03-27
曾格爾,/trends/explore?q=%E6%9B%BE%E6%A0%BC%E7%88%BE&date=today+1-m&geo=TW,9,2023-03-27
Pixel 7 Pro,/trends/explore?q=Pixel+7+Pro&date=today+1-m&geo=TW,10,2023-03-27
IVE,/trends/explore?q=IVE&date=today+1-m&geo=TW,11,2023-03-27
政大雄鷹,/trends/explore?q=%E6%94%BF%E5%A4%A7%E9%9B%84%E9%B7%B9&date=today+1-m&geo=TW,12,2023-03-27
郭台銘,/trends/explore?q=%E9%83%AD%E5%8F%B0%E9%8A%98&date=today+1-m&geo=TW,13,2023-03-27
東哥遊艇,/trends/explore?q=%E6%9D%B1%E5%93%A5%E9%81%8A%E8%89%87&date=today+1-m&geo=TW,14,2023-03-27
景氣燈號,/trends/explore?q=%E6%99%AF%E6%B0%A3%E7%87%88%E8%99%9F&date=today+1-m&geo=TW,15,2023-03-27
高雄國小露營罰跪,/trends/explore?q=%E9%AB%98%E9%9B%84%E5%9C%8B%E5%B0%8F%E9%9C%B2%E7%87%9F%E7%BD%B0%E8%B7%AA&date=today+1-m&geo=TW,16,2023-03-27
性別生化指數異常,/trends/explore?q=%E6%80%A7%E5%88%A5%E7%94%9F%E5%8C%96%E6%8C%87%E6%95%B8%E7%95%B0%E5%B8%B8&date=today+1-m&geo=TW,17,2023-03-27
陷阱戰爭,/trends/explore?q=%E9%99%B7%E9%98%B1%E6%88%B0%E7%88%AD&date=today+1-m&geo=TW,18,2023-03-27
三毛,/trends/explore?q=%E4%B8%89%E6%AF%9B&date=today+1-m&geo=TW,19,2023-03-27
黃筱雯,/trends/explore?q=%E9%BB%83%E7%AD%B1%E9%9B%AF&date=today+1-m&geo=TW,20,2023-03-27
楊子儀,/trends/explore?q=%E6%A5%8A%E5%AD%90%E5%84%80&date=today+1-m&geo=TW,1,2023-03-28
六福村,/trends/explore?q=%E5%85%AD%E7%A6%8F%E6%9D%91&date=today+1-m&geo=TW,2,2023-03-28
王楚然,/trends/explore?q=%E7%8E%8B%E6%A5%9A%E7%84%B6&date=today+1-m&geo=TW,3,2023-03-28
埃及聖䴉,/trends/explore?q=%E5%9F%83%E5%8F%8A%E8%81%96%E4%B4%89&date=today+1-m&geo=TW,4,2023-03-28
張育成,/trends/explore?q=%E5%BC%B5%E8%82%B2%E6%88%90&date=today+1-m&geo=TW,5,2023-03-28
iOS 16.4,/trends/explore?q=iOS+16.4&date=today+1-m&geo=TW,6,2023-03-28
斐濟,/trends/explore?q=%E6%96%90%E6%BF%9F&date=today+1-m&geo=TW,7,2023-03-28
清大爆裂物,/trends/explore?q=%E6%B8%85%E5%A4%A7%E7%88%86%E8%A3%82%E7%89%A9&date=today+1-m&geo=TW,8,2023-03-28
房貸補貼,/trends/explore?q=%E6%88%BF%E8%B2%B8%E8%A3%9C%E8%B2%BC&date=today+1-m&geo=TW,9,2023-03-28
雞腿魚,/trends/explore?q=%E9%9B%9E%E8%85%BF%E9%AD%9A&date=today+1-m&geo=TW,10,2023-03-28
周杰倫,/trends/explore?q=%E5%91%A8%E6%9D%B0%E5%80%AB&date=today+1-m&geo=TW,11,2023-03-28
艾達莫娃,/trends/explore?q=%E8%89%BE%E9%81%94%E8%8E%AB%E5%A8%83&date=today+1-m&geo=TW,12,2023-03-28
雷虎,/trends/explore?q=%E9%9B%B7%E8%99%8E&date=today+1-m&geo=TW,13,2023-03-28
IGBT,/trends/explore?q=IGBT&date=today+1-m&geo=TW,14,2023-03-28
馬英九訪中,/trends/explore?q=%E9%A6%AC%E8%8B%B1%E4%B9%9D%E8%A8%AA%E4%B8%AD&date=today+1-m&geo=TW,15,2023-03-28
幣安,/trends/explore?q=%E5%B9%A3%E5%AE%89&date=today+1-m&geo=TW,16,2023-03-28
孫中山,/trends/explore?q=%E5%AD%AB%E4%B8%AD%E5%B1%B1&date=today+1-m&geo=TW,17,2023-03-28
鳴潮,/trends/explore?q=%E9%B3%B4%E6%BD%AE&date=today+1-m&geo=TW,18,2023-03-28
梁朝偉,/trends/explore?q=%E6%A2%81%E6%9C%9D%E5%81%89&date=today+1-m&geo=TW,19,2023-03-28
軍工概念股,/trends/explore?q=%E8%BB%8D%E5%B7%A5%E6%A6%82%E5%BF%B5%E8%82%A1&date=today+1-m&geo=TW,20,2023-03-28
陳庭妮,/trends/explore?q=%E9%99%B3%E5%BA%AD%E5%A6%AE&date=today+1-m&geo=TW,1,2023-03-29
星巴克買一送一,/trends/explore?q=%E6%98%9F%E5%B7%B4%E5%85%8B%E8%B2%B7%E4%B8%80%E9%80%81%E4%B8%80&date=today+1-m&geo=TW,2,2023-03-29
NET,/trends/explore?q=NET&date=today+1-m&geo=TW,3,2023-03-29
人蛇集團,/trends/explore?q=%E4%BA%BA%E8%9B%87%E9%9B%86%E5%9C%98&date=today+1-m&geo=TW,4,2023-03-29
統一發票1 2月,/trends/explore?q=%E7%B5%B1%E4%B8%80%E7%99%BC%E7%A5%A81+2%E6%9C%88&date=today+1-m&geo=TW,5,2023-03-29
五月天,/trends/explore?q=%E4%BA%94%E6%9C%88%E5%A4%A9&date=today+1-m&geo=TW,6,2023-03-29
薩爾達傳說王國之淚,/trends/explore?q=%E8%96%A9%E7%88%BE%E9%81%94%E5%82%B3%E8%AA%AA%E7%8E%8B%E5%9C%8B%E4%B9%8B%E6%B7%9A&date=today+1-m&geo=TW,7,2023-03-29
劉忠繼,/trends/explore?q=%E5%8A%89%E5%BF%A0%E7%B9%BC&date=today+1-m&geo=TW,8,2023-03-29
勇士,/trends/explore?q=%E5%8B%87%E5%A3%AB&date=today+1-m&geo=TW,9,2023-03-29
眾神派對,/trends/explore?q=%E7%9C%BE%E7%A5%9E%E6%B4%BE%E5%B0%8D&date=today+1-m&geo=TW,10,2023-03-29
五月天高雄演唱會,/trends/explore?q=%E4%BA%94%E6%9C%88%E5%A4%A9%E9%AB%98%E9%9B%84%E6%BC%94%E5%94%B1%E6%9C%83&date=today+1-m&geo=TW,11,2023-03-29
王心凌,/trends/explore?q=%E7%8E%8B%E5%BF%83%E5%87%8C&date=today+1-m&geo=TW,12,2023-03-29
Karencici,/trends/explore?q=Karencici&date=today+1-m&geo=TW,13,2023-03-29
顏寬恒,/trends/explore?q=%E9%A1%8F%E5%AF%AC%E6%81%92&date=today+1-m&geo=TW,14,2023-03-29
進口蛋,/trends/explore?q=%E9%80%B2%E5%8F%A3%E8%9B%8B&date=today+1-m&geo=TW,15,2023-03-29
Lady M,/trends/explore?q=Lady+M&date=today+1-m&geo=TW,16,2023-03-29
魔獸,/trends/explore?q=%E9%AD%94%E7%8D%B8&date=today+1-m&geo=TW,17,2023-03-29
做工的人電影版,/trends/explore?q=%E5%81%9A%E5%B7%A5%E7%9A%84%E4%BA%BA%E9%9B%BB%E5%BD%B1%E7%89%88&date=today+1-m&geo=TW,18,2023-03-29
美光,/trends/explore?q=%E7%BE%8E%E5%85%89&date=today+1-m&geo=TW,19,2023-03-29
南京大屠殺,/trends/explore?q=%E5%8D%97%E4%BA%AC%E5%A4%A7%E5%B1%A0%E6%AE%BA&date=today+1-m&geo=TW,20,2023-03-29
六福村,/trends/explore?q=%E5%85%AD%E7%A6%8F%E6%9D%91&date=today+1-m&geo=TW,1,2023-03-30
TOYOTA CROWN,/trends/explore?q=TOYOTA+CROWN&date=today+1-m&geo=TW,2,2023-03-30
周興哲,/trends/explore?q=%E5%91%A8%E8%88%88%E5%93%B2&date=today+1-m&geo=TW,3,2023-03-30
台中房屋倒塌,/trends/explore?q=%E5%8F%B0%E4%B8%AD%E6%88%BF%E5%B1%8B%E5%80%92%E5%A1%8C&date=today+1-m&geo=TW,4,2023-03-30
Tesla,/trends/explore?q=Tesla&date=today+1-m&geo=TW,5,2023-03-30
特斯拉,/trends/explore?q=%E7%89%B9%E6%96%AF%E6%8B%89&date=today+1-m&geo=TW,6,2023-03-30
Model S,/trends/explore?q=Model+S&date=today+1-m&geo=TW,7,2023-03-30
必勝客原神,/trends/explore?q=%E5%BF%85%E5%8B%9D%E5%AE%A2%E5%8E%9F%E7%A5%9E&date=today+1-m&geo=TW,8,2023-03-30
Sony ZV-E1,/trends/explore?q=Sony+ZV-E1&date=today+1-m&geo=TW,9,2023-03-30
宋濤,/trends/explore?q=%E5%AE%8B%E6%BF%A4&date=today+1-m&geo=TW,10,2023-03-30
落日飛車,/trends/explore?q=%E8%90%BD%E6%97%A5%E9%A3%9B%E8%BB%8A&date=today+1-m&geo=TW,11,2023-03-30
阿妹演唱會,/trends/explore?q=%E9%98%BF%E5%A6%B9%E6%BC%94%E5%94%B1%E6%9C%83&date=today+1-m&geo=TW,12,2023-03-30
代號鳶,/trends/explore?q=%E4%BB%A3%E8%99%9F%E9%B3%B6&date=today+1-m&geo=TW,13,2023-03-30
田馥甄,/trends/explore?q=%E7%94%B0%E9%A6%A5%E7%94%84&date=today+1-m&geo=TW,14,2023-03-30
申請入學,/trends/explore?q=%E7%94%B3%E8%AB%8B%E5%85%A5%E5%AD%B8&date=today+1-m&geo=TW,15,2023-03-30
黃宣,/trends/explore?q=%E9%BB%83%E5%AE%A3&date=today+1-m&geo=TW,16,2023-03-30
費鴻泰,/trends/explore?q=%E8%B2%BB%E9%B4%BB%E6%B3%B0&date=today+1-m&geo=TW,17,2023-03-30
韓國瑜,/trends/explore?q=%E9%9F%93%E5%9C%8B%E7%91%9C&date=today+1-m&geo=TW,18,2023-03-30
啟碁,/trends/explore?q=%E5%95%9F%E7%A2%81&date=today+1-m&geo=TW,19,2023-03-30
秦嵐,/trends/explore?q=%E7%A7%A6%E5%B5%90&date=today+1-m&geo=TW,20,2023-03-30
6000入帳,/trends/explore?q=6000%E5%85%A5%E5%B8%B3&date=today+1-m&geo=TW,1,2023-03-31
模仿犯,/trends/explore?q=%E6%A8%A1%E4%BB%BF%E7%8A%AF&date=today+1-m&geo=TW,2,2023-03-31
愚人節,/trends/explore?q=%E6%84%9A%E4%BA%BA%E7%AF%80&date=today+1-m&geo=TW,3,2023-03-31
MLB,/trends/explore?q=MLB&date=today+1-m&geo=TW,4,2023-03-31
王道銀行,/trends/explore?q=%E7%8E%8B%E9%81%93%E9%8A%80%E8%A1%8C&date=today+1-m&geo=TW,5,2023-03-31
Jisoo,/trends/explore?q=Jisoo&date=today+1-m&geo=TW,6,2023-03-31
高雄巨蛋,/trends/explore?q=%E9%AB%98%E9%9B%84%E5%B7%A8%E8%9B%8B&date=today+1-m&geo=TW,7,2023-03-31
清明連假高乘載,/trends/explore?q=%E6%B8%85%E6%98%8E%E9%80%A3%E5%81%87%E9%AB%98%E4%B9%98%E8%BC%89&date=today+1-m&geo=TW,8,2023-03-31
原神,/trends/explore?q=%E5%8E%9F%E7%A5%9E&date=today+1-m&geo=TW,9,2023-03-31
阿妹演唱會,/trends/explore?q=%E9%98%BF%E5%A6%B9%E6%BC%94%E5%94%B1%E6%9C%83&date=today+1-m&geo=TW,10,2023-03-31
哈孝遠,/trends/explore?q=%E5%93%88%E5%AD%9D%E9%81%A0&date=today+1-m&geo=TW,11,2023-03-31
台端,/trends/explore?q=%E5%8F%B0%E7%AB%AF&date=today+1-m&geo=TW,12,2023-03-31
王傑,/trends/explore?q=%E7%8E%8B%E5%82%91&date=today+1-m&geo=TW,13,2023-03-31
Flash Coffee,/trends/explore?q=Flash+Coffee&date=today+1-m&geo=TW,14,2023-03-31
張學友,/trends/explore?q=%E5%BC%B5%E5%AD%B8%E5%8F%8B&date=today+1-m&geo=TW,15,2023-03-31
奈良美智,/trends/explore?q=%E5%A5%88%E8%89%AF%E7%BE%8E%E6%99%BA&date=today+1-m&geo=TW,16,2023-03-31
孫藝珍,/trends/explore?q=%E5%AD%AB%E8%97%9D%E7%8F%8D&date=today+1-m&geo=TW,17,2023-03-31
CPTPP,/trends/explore?q=CPTPP&date=today+1-m&geo=TW,18,2023-03-31
華邦電,/trends/explore?q=%E8%8F%AF%E9%82%A6%E9%9B%BB&date=today+1-m&geo=TW,19,2023-03-31
芬蘭,/trends/explore?q=%E8%8A%AC%E8%98%AD&date=today+1-m&geo=TW,20,2023-03-31
必勝客,/trends/explore?q=%E5%BF%85%E5%8B%9D%E5%AE%A2&date=today+1-m&geo=TW,1,2023-04-01
林智妍,/trends/explore?q=%E6%9E%97%E6%99%BA%E5%A6%8D&date=today+1-m&geo=TW,2,2023-04-01
郵局6000,/trends/explore?q=%E9%83%B5%E5%B1%806000&date=today+1-m&geo=TW,3,2023-04-01
中華職棒,/trends/explore?q=%E4%B8%AD%E8%8F%AF%E8%81%B7%E6%A3%92&date=today+1-m&geo=TW,4,2023-04-01
水庫,/trends/explore?q=%E6%B0%B4%E5%BA%AB&date=today+1-m&geo=TW,5,2023-04-01
張國榮,/trends/explore?q=%E5%BC%B5%E5%9C%8B%E6%A6%AE&date=today+1-m&geo=TW,6,2023-04-01
大港開唱,/trends/explore?q=%E5%A4%A7%E6%B8%AF%E9%96%8B%E5%94%B1&date=today+1-m&geo=TW,7,2023-04-01
地震,/trends/explore?q=%E5%9C%B0%E9%9C%87&date=today+1-m&geo=TW,8,2023-04-01
瓜地馬拉,/trends/explore?q=%E7%93%9C%E5%9C%B0%E9%A6%AC%E6%8B%89&date=today+1-m&geo=TW,9,2023-04-01
F1,/trends/explore?q=F1&date=today+1-m&geo=TW,10,2023-04-01
中職,/trends/explore?q=%E4%B8%AD%E8%81%B7&date=today+1-m&geo=TW,11,2023-04-01
小人國,/trends/explore?q=%E5%B0%8F%E4%BA%BA%E5%9C%8B&date=today+1-m&geo=TW,12,2023-04-01
黃明志,/trends/explore?q=%E9%BB%83%E6%98%8E%E5%BF%97&date=today+1-m&geo=TW,13,2023-04-01
景甜,/trends/explore?q=%E6%99%AF%E7%94%9C&date=today+1-m&geo=TW,14,2023-04-01
中信兄弟,/trends/explore?q=%E4%B8%AD%E4%BF%A1%E5%85%84%E5%BC%9F&date=today+1-m&geo=TW,15,2023-04-01
Apink,/trends/explore?q=Apink&date=today+1-m&geo=TW,16,2023-04-01
南投天氣,/trends/explore?q=%E5%8D%97%E6%8A%95%E5%A4%A9%E6%B0%A3&date=today+1-m&geo=TW,17,2023-04-01
凱渡廣場酒店,/trends/explore?q=%E5%87%B1%E6%B8%A1%E5%BB%A3%E5%A0%B4%E9%85%92%E5%BA%97&date=today+1-m&geo=TW,18,2023-04-01
中國科技大學,/trends/explore?q=%E4%B8%AD%E5%9C%8B%E7%A7%91%E6%8A%80%E5%A4%A7%E5%AD%B8&date=today+1-m&geo=TW,19,2023-04-01
曼城,/trends/explore?q=%E6%9B%BC%E5%9F%8E&date=today+1-m&geo=TW,20,2023-04-01
坂本龍一,/trends/explore?q=%E5%9D%82%E6%9C%AC%E9%BE%8D%E4%B8%80&date=today+1-m&geo=TW,1,2023-04-02
Energy,/trends/explore?q=Energy&date=today+1-m&geo=TW,2,2023-04-02
地獄樂,/trends/explore?q=%E5%9C%B0%E7%8D%84%E6%A8%82&date=today+1-m&geo=TW,3,2023-04-02
李心潔,/trends/explore?q=%E6%9D%8E%E5%BF%83%E6%BD%94&date=today+1-m&geo=TW,4,2023-04-02
天國大魔境,/trends/explore?q=%E5%A4%A9%E5%9C%8B%E5%A4%A7%E9%AD%94%E5%A2%83&date=today+1-m&geo=TW,5,2023-04-02
鄭靚歆,/trends/explore?q=%E9%84%AD%E9%9D%9A%E6%AD%86&date=today+1-m&geo=TW,6,2023-04-02
輔大陳若儀,/trends/explore?q=%E8%BC%94%E5%A4%A7%E9%99%B3%E8%8B%A5%E5%84%80&date=today+1-m&geo=TW,7,2023-04-02
淡水老街,/trends/explore?q=%E6%B7%A1%E6%B0%B4%E8%80%81%E8%A1%97&date=today+1-m&geo=TW,8,2023-04-02
白靈,/trends/explore?q=%E7%99%BD%E9%9D%88&date=today+1-m&geo=TW,9,2023-04-02
彭政閔,/trends/explore?q=%E5%BD%AD%E6%94%BF%E9%96%94&date=today+1-m&geo=TW,10,2023-04-02
桃園海芋,/trends/explore?q=%E6%A1%83%E5%9C%92%E6%B5%B7%E8%8A%8B&date=today+1-m&geo=TW,11,2023-04-02
張繼科,/trends/explore?q=%E5%BC%B5%E7%B9%BC%E7%A7%91&date=today+1-m&geo=TW,12,2023-04-02
費鴻泰,/trends/explore?q=%E8%B2%BB%E9%B4%BB%E6%B3%B0&date=today+1-m&geo=TW,13,2023-04-02
埔心牧場,/trends/explore?q=%E5%9F%94%E5%BF%83%E7%89%A7%E5%A0%B4&date=today+1-m&geo=TW,14,2023-04-02
龍與地下城 盜賊榮耀,/trends/explore?q=%E9%BE%8D%E8%88%87%E5%9C%B0%E4%B8%8B%E5%9F%8E+%E7%9B%9C%E8%B3%8A%E6%A6%AE%E8%80%80&date=today+1-m&geo=TW,15,2023-04-02
林志穎,/trends/explore?q=%E6%9E%97%E5%BF%97%E7%A9%8E&date=today+1-m&geo=TW,16,2023-04-02
台中夜市,/trends/explore?q=%E5%8F%B0%E4%B8%AD%E5%A4%9C%E5%B8%82&date=today+1-m&geo=TW,17,2023-04-02
大安森林公園,/trends/explore?q=%E5%A4%A7%E5%AE%89%E6%A3%AE%E6%9E%97%E5%85%AC%E5%9C%92&date=today+1-m&geo=TW,18,2023-04-02
陽明山,/trends/explore?q=%E9%99%BD%E6%98%8E%E5%B1%B1&date=today+1-m&geo=TW,19,2023-04-02
花蓮美食,/trends/explore?q=%E8%8A%B1%E8%93%AE%E7%BE%8E%E9%A3%9F&date=today+1-m&geo=TW,20,2023-04-02
張繼科,/trends/explore?q=%E5%BC%B5%E7%B9%BC%E7%A7%91&date=today+1-m&geo=TW,1,2023-04-03
貝里斯,/trends/explore?q=%E8%B2%9D%E9%87%8C%E6%96%AF&date=today+1-m&geo=TW,2,2023-04-03
富邦悍將,/trends/explore?q=%E5%AF%8C%E9%82%A6%E6%82%8D%E5%B0%87&date=today+1-m&geo=TW,3,2023-04-03
美秀集團,/trends/explore?q=%E7%BE%8E%E7%A7%80%E9%9B%86%E5%9C%98&date=today+1-m&geo=TW,4,2023-04-03
芬蘭,/trends/explore?q=%E8%8A%AC%E8%98%AD&date=today+1-m&geo=TW,5,2023-04-03
千賀滉大,/trends/explore?q=%E5%8D%83%E8%B3%80%E6%BB%89%E5%A4%A7&date=today+1-m&geo=TW,6,2023-04-03
日本入境,/trends/explore?q=%E6%97%A5%E6%9C%AC%E5%85%A5%E5%A2%83&date=today+1-m&geo=TW,7,2023-04-03
統一獅,/trends/explore?q=%E7%B5%B1%E4%B8%80%E7%8D%85&date=today+1-m&geo=TW,8,2023-04-03
賈靜雯,/trends/explore?q=%E8%B3%88%E9%9D%9C%E9%9B%AF&date=today+1-m&geo=TW,9,2023-04-03
曼聯,/trends/explore?q=%E6%9B%BC%E8%81%AF&date=today+1-m&geo=TW,10,2023-04-03
兒童節,/trends/explore?q=%E5%85%92%E7%AB%A5%E7%AF%80&date=today+1-m&geo=TW,1,2023-04-04
天水玥,/trends/explore?q=%E5%A4%A9%E6%B0%B4%E7%8E%A5&date=today+1-m&geo=TW,2,2023-04-04
燦爛的轉身,/trends/explore?q=%E7%87%A6%E7%88%9B%E7%9A%84%E8%BD%89%E8%BA%AB&date=today+1-m&geo=TW,3,2023-04-04
麥卡錫,/trends/explore?q=%E9%BA%A5%E5%8D%A1%E9%8C%AB&date=today+1-m&geo=TW,4,2023-04-04
馬國賢,/trends/explore?q=%E9%A6%AC%E5%9C%8B%E8%B3%A2&date=today+1-m&geo=TW,5,2023-04-04
田中千繪,/trends/explore?q=%E7%94%B0%E4%B8%AD%E5%8D%83%E7%B9%AA&date=today+1-m&geo=TW,6,2023-04-04
藍甲蟲,/trends/explore?q=%E8%97%8D%E7%94%B2%E8%9F%B2&date=today+1-m&geo=TW,7,2023-04-04
空氣品質,/trends/explore?q=%E7%A9%BA%E6%B0%A3%E5%93%81%E8%B3%AA&date=today+1-m&geo=TW,8,2023-04-04
狗狗幣,/trends/explore?q=%E7%8B%97%E7%8B%97%E5%B9%A3&date=today+1-m&geo=TW,9,2023-04-04
NCAA,/trends/explore?q=NCAA&date=today+1-m&geo=TW,10,2023-04-04
拼多多,/trends/explore?q=%E6%8B%BC%E5%A4%9A%E5%A4%9A&date=today+1-m&geo=TW,11,2023-04-04
獨行俠,/trends/explore?q=%E7%8D%A8%E8%A1%8C%E4%BF%A0&date=today+1-m&geo=TW,12,2023-04-04
郭台銘,/trends/explore?q=%E9%83%AD%E5%8F%B0%E9%8A%98&date=today+1-m&geo=TW,1,2023-04-05
瑪利歐電影,/trends/explore?q=%E7%91%AA%E5%88%A9%E6%AD%90%E9%9B%BB%E5%BD%B1&date=today+1-m&geo=TW,2,2023-04-05
湖人,/trends/explore?q=%E6%B9%96%E4%BA%BA&date=today+1-m&geo=TW,3,2023-04-05
TXT,/trends/explore?q=TXT&date=today+1-m&geo=TW,4,2023-04-05
哈孝遠,/trends/explore?q=%E5%93%88%E5%AD%9D%E9%81%A0&date=today+1-m&geo=TW,5,2023-04-05
鄧紫棋,/trends/explore?q=%E9%84%A7%E7%B4%AB%E6%A3%8B&date=today+1-m&geo=TW,6,2023-04-05
愛莉莎莎男友,/trends/explore?q=%E6%84%9B%E8%8E%89%E8%8E%8E%E8%8E%8E%E7%94%B7%E5%8F%8B&date=today+1-m&geo=TW,7,2023-04-05
Aesop,/trends/explore?q=Aesop&date=today+1-m&geo=TW,8,2023-04-05
陳韻文,/trends/explore?q=%E9%99%B3%E9%9F%BB%E6%96%87&date=today+1-m&geo=TW,9,2023-04-05
張嘉倪,/trends/explore?q=%E5%BC%B5%E5%98%89%E5%80%AA&date=today+1-m&geo=TW,10,2023-04-05
靜宜大學,/trends/explore?q=%E9%9D%9C%E5%AE%9C%E5%A4%A7%E5%AD%B8&date=today+1-m&geo=TW,1,2023-04-06
蔡英文,/trends/explore?q=%E8%94%A1%E8%8B%B1%E6%96%87&date=today+1-m&geo=TW,2,2023-04-06
長月燼明,/trends/explore?q=%E9%95%B7%E6%9C%88%E7%87%BC%E6%98%8E&date=today+1-m&geo=TW,3,2023-04-06
陳奕迅演唱會門票,/trends/explore?q=%E9%99%B3%E5%A5%95%E8%BF%85%E6%BC%94%E5%94%B1%E6%9C%83%E9%96%80%E7%A5%A8&date=today+1-m&geo=TW,4,2023-04-06
郵局領6000,/trends/explore?q=%E9%83%B5%E5%B1%80%E9%A0%986000&date=today+1-m&geo=TW,5,2023-04-06
復活節,/trends/explore?q=%E5%BE%A9%E6%B4%BB%E7%AF%80&date=today+1-m&geo=TW,6,2023-04-06
鄭南榕,/trends/explore?q=%E9%84%AD%E5%8D%97%E6%A6%95&date=today+1-m&geo=TW,7,2023-04-06
陳啟昱,/trends/explore?q=%E9%99%B3%E5%95%9F%E6%98%B1&date=today+1-m&geo=TW,8,2023-04-06
易烊千璽,/trends/explore?q=%E6%98%93%E7%83%8A%E5%8D%83%E7%92%BD&date=today+1-m&geo=TW,9,2023-04-06
長榮海運,/trends/explore?q=%E9%95%B7%E6%A6%AE%E6%B5%B7%E9%81%8B&date=today+1-m&geo=TW,10,2023-04-06
竇驍,/trends/explore?q=%E7%AB%87%E9%A9%8D&date=today+1-m&geo=TW,11,2023-04-06
澤倫斯基,/trends/explore?q=%E6%BE%A4%E5%80%AB%E6%96%AF%E5%9F%BA&date=today+1-m&geo=TW,12,2023-04-06
奇鋐,/trends/explore?q=%E5%A5%87%E9%8B%90&date=today+1-m&geo=TW,13,2023-04-06
台端,/trends/explore?q=%E5%8F%B0%E7%AB%AF&date=today+1-m&geo=TW,14,2023-04-06
緬甸仰光,/trends/explore?q=%E7%B7%AC%E7%94%B8%E4%BB%B0%E5%85%89&date=today+1-m&geo=TW,15,2023-04-06
台南火災,/trends/explore?q=%E5%8F%B0%E5%8D%97%E7%81%AB%E7%81%BD&date=today+1-m&geo=TW,16,2023-04-06
陳妍希,/trends/explore?q=%E9%99%B3%E5%A6%8D%E5%B8%8C&date=today+1-m&geo=TW,17,2023-04-06
解婕翎,/trends/explore?q=%E8%A7%A3%E5%A9%95%E7%BF%8E&date=today+1-m&geo=TW,18,2023-04-06
王道銀行,/trends/explore?q=%E7%8E%8B%E9%81%93%E9%8A%80%E8%A1%8C&date=today+1-m&geo=TW,19,2023-04-06
英業達,/trends/explore?q=%E8%8B%B1%E6%A5%AD%E9%81%94&date=today+1-m&geo=TW,20,2023-04-06
陳奕迅,/trends/explore?q=%E9%99%B3%E5%A5%95%E8%BF%85&date=now+7-d&geo=TW,1,2023-04-07
沈鴻元,/trends/explore?q=%E6%B2%88%E9%B4%BB%E5%85%83&date=now+7-d&geo=TW,2,2023-04-07
遠景基金會,/trends/explore?q=%E9%81%A0%E6%99%AF%E5%9F%BA%E9%87%91%E6%9C%83&date=now+7-d&geo=TW,3,2023-04-07
草東沒有派對,/trends/explore?q=%E8%8D%89%E6%9D%B1%E6%B2%92%E6%9C%89%E6%B4%BE%E5%B0%8D&date=now+7-d&geo=TW,4,2023-04-07
Lululemon,/trends/explore?q=Lululemon&date=now+7-d&geo=TW,5,2023-04-07
劉子賢,/trends/explore?q=%E5%8A%89%E5%AD%90%E8%B3%A2&date=now+7-d&geo=TW,6,2023-04-07
囝仔昌,/trends/explore?q=%E5%9B%9D%E4%BB%94%E6%98%8C&date=now+7-d&geo=TW,7,2023-04-07
Epic,/trends/explore?q=Epic&date=now+7-d&geo=TW,8,2023-04-07
屏東三大日音樂節,/trends/explore?q=%E5%B1%8F%E6%9D%B1%E4%B8%89%E5%A4%A7%E6%97%A5%E9%9F%B3%E6%A8%82%E7%AF%80&date=now+7-d&geo=TW,9,2023-04-07
肯德基蛋撻,/trends/explore?q=%E8%82%AF%E5%BE%B7%E5%9F%BA%E8%9B%8B%E6%92%BB&date=now+7-d&geo=TW,10,2023-04-07
速命道,/trends/explore?q=%E9%80%9F%E5%91%BD%E9%81%93&date=now+7-d&geo=TW,11,2023-04-07
以色列,/trends/explore?q=%E4%BB%A5%E8%89%B2%E5%88%97&date=now+7-d&geo=TW,12,2023-04-07
華夏科技大學,/trends/explore?q=%E8%8F%AF%E5%A4%8F%E7%A7%91%E6%8A%80%E5%A4%A7%E5%AD%B8&date=now+7-d&geo=TW,13,2023-04-07
聯發科,/trends/explore?q=%E8%81%AF%E7%99%BC%E7%A7%91&date=now+7-d&geo=TW,14,2023-04-07
樂樂法利,/trends/explore?q=%E6%A8%82%E6%A8%82%E6%B3%95%E5%88%A9&date=now+7-d&geo=TW,15,2023-04-07
非農就業數據,/trends/explore?q=%E9%9D%9E%E8%BE%B2%E5%B0%B1%E6%A5%AD%E6%95%B8%E6%93%9A&date=now+7-d&geo=TW,16,2023-04-07
味全龍,/trends/explore?q=%E5%91%B3%E5%85%A8%E9%BE%8D&date=now+7-d&geo=TW,17,2023-04-07
腸病毒,/trends/explore?q=%E8%85%B8%E7%97%85%E6%AF%92&date=now+7-d&geo=TW,18,2023-04-07
張家界,/trends/explore?q=%E5%BC%B5%E5%AE%B6%E7%95%8C&date=now+7-d&geo=TW,19,2023-04-07
九二共識,/trends/explore?q=%E4%B9%9D%E4%BA%8C%E5%85%B1%E8%AD%98&date=now+7-d&geo=TW,20,2023-04-07
陳天仁,/trends/explore?q=%E9%99%B3%E5%A4%A9%E4%BB%81&date=now+7-d&geo=TW,1,2023-04-08
大嘻哈時代2,/trends/explore?q=%E5%A4%A7%E5%98%BB%E5%93%88%E6%99%82%E4%BB%A32&date=now+7-d&geo=TW,2,2023-04-08
戴資穎,/trends/explore?q=%E6%88%B4%E8%B3%87%E7%A9%8E&date=now+7-d&geo=TW,3,2023-04-08
吳欣岱,/trends/explore?q=%E5%90%B3%E6%AC%A3%E5%B2%B1&date=now+7-d&geo=TW,4,2023-04-08
軍演,/trends/explore?q=%E8%BB%8D%E6%BC%94&date=now+7-d&geo=TW,5,2023-04-08
口罩解禁,/trends/explore?q=%E5%8F%A3%E7%BD%A9%E8%A7%A3%E7%A6%81&date=now+7-d&geo=TW,6,2023-04-08
林為洲,/trends/explore?q=%E6%9E%97%E7%82%BA%E6%B4%B2&date=now+7-d&geo=TW,7,2023-04-08
花蓮客運,/trends/explore?q=%E8%8A%B1%E8%93%AE%E5%AE%A2%E9%81%8B&date=now+7-d&geo=TW,8,2023-04-08
劉揚偉,/trends/explore?q=%E5%8A%89%E6%8F%9A%E5%81%89&date=now+7-d&geo=TW,9,2023-04-08
朱立倫,/trends/explore?q=%E6%9C%B1%E7%AB%8B%E5%80%AB&date=now+7-d&geo=TW,10,2023-04-08
許維恩,/trends/explore?q=%E8%A8%B1%E7%B6%AD%E6%81%A9&date=now+7-d&geo=TW,11,2023-04-08
巧克力,/trends/explore?q=%E5%B7%A7%E5%85%8B%E5%8A%9B&date=now+7-d&geo=TW,12,2023-04-08
張員瑛,/trends/explore?q=%E5%BC%B5%E5%93%A1%E7%91%9B&date=now+7-d&geo=TW,13,2023-04-08
澎恰恰,/trends/explore?q=%E6%BE%8E%E6%81%B0%E6%81%B0&date=now+7-d&geo=TW,14,2023-04-08
林靖恩,/trends/explore?q=%E6%9E%97%E9%9D%96%E6%81%A9&date=now+7-d&geo=TW,1,2023-04-09
Atm領6000,/trends/explore?q=Atm%E9%A0%986000&date=now+7-d&geo=TW,2,2023-04-09
復活節,/trends/explore?q=%E5%BE%A9%E6%B4%BB%E7%AF%80&date=now+7-d&geo=TW,3,2023-04-09
靜宜女大生,/trends/explore?q=%E9%9D%9C%E5%AE%9C%E5%A5%B3%E5%A4%A7%E7%94%9F&date=now+7-d&geo=TW,4,2023-04-09
白靈,/trends/explore?q=%E7%99%BD%E9%9D%88&date=now+7-d&geo=TW,5,2023-04-09
學測作文玉蘭花,/trends/explore?q=%E5%AD%B8%E6%B8%AC%E4%BD%9C%E6%96%87%E7%8E%89%E8%98%AD%E8%8A%B1&date=now+7-d&geo=TW,6,2023-04-09
Taylor Swift,/trends/explore?q=Taylor+Swift&date=now+7-d&geo=TW,7,2023-04-09
廖元豪,/trends/explore?q=%E5%BB%96%E5%85%83%E8%B1%AA&date=now+7-d&geo=TW,8,2023-04-09
大帝國舞廳,/trends/explore?q=%E5%A4%A7%E5%B8%9D%E5%9C%8B%E8%88%9E%E5%BB%B3&date=now+7-d&geo=TW,9,2023-04-09
余謙,/trends/explore?q=%E4%BD%99%E8%AC%99&date=now+7-d&geo=TW,10,2023-04-09
林書豪,/trends/explore?q=%E6%9E%97%E6%9B%B8%E8%B1%AA&date=now+7-d&geo=TW,11,2023-04-09
以色列,/trends/explore?q=%E4%BB%A5%E8%89%B2%E5%88%97&date=now+7-d&geo=TW,12,2023-04-09
飢渴遊戲,/trends/explore?q=%E9%A3%A2%E6%B8%B4%E9%81%8A%E6%88%B2&date=now+7-d&geo=TW,13,2023-04-09
水星的魔女,/trends/explore?q=%E6%B0%B4%E6%98%9F%E7%9A%84%E9%AD%94%E5%A5%B3&date=now+7-d&geo=TW,14,2023-04-09
光露營就很忙了,/trends/explore?q=%E5%85%89%E9%9C%B2%E7%87%9F%E5%B0%B1%E5%BE%88%E5%BF%99%E4%BA%86&date=now+7-d&geo=TW,15,2023-04-09
賈靜雯,/trends/explore?q=%E8%B3%88%E9%9D%9C%E9%9B%AF&date=now+7-d&geo=TW,16,2023-04-09
曹雅雯,/trends/explore?q=%E6%9B%B9%E9%9B%85%E9%9B%AF&date=now+7-d&geo=TW,17,2023-04-09
EXO,/trends/explore?q=EXO&date=now+7-d&geo=TW,18,2023-04-09
統一獅,/trends/explore?q=%E7%B5%B1%E4%B8%80%E7%8D%85&date=now+7-d&geo=TW,19,2023-04-09
Yahoo,/trends/explore?q=Yahoo&date=now+7-d&geo=TW,1,2023-04-10
吳耀漢,/trends/explore?q=%E5%90%B3%E8%80%80%E6%BC%A2&date=now+7-d&geo=TW,2,2023-04-10
鬼滅之刃刀匠村篇,/trends/explore?q=%E9%AC%BC%E6%BB%85%E4%B9%8B%E5%88%83%E5%88%80%E5%8C%A0%E6%9D%91%E7%AF%87&date=now+7-d&geo=TW,3,2023-04-10
達賴喇嘛,/trends/explore?q=%E9%81%94%E8%B3%B4%E5%96%87%E5%98%9B&date=now+7-d&geo=TW,4,2023-04-10
台積電,/trends/explore?q=%E5%8F%B0%E7%A9%8D%E9%9B%BB&date=now+7-d&geo=TW,5,2023-04-10
猴痘疫苗,/trends/explore?q=%E7%8C%B4%E7%97%98%E7%96%AB%E8%8B%97&date=now+7-d&geo=TW,6,2023-04-10
股市,/trends/explore?q=%E8%82%A1%E5%B8%82&date=now+7-d&geo=TW,7,2023-04-10
歐冠,/trends/explore?q=%E6%AD%90%E5%86%A0&date=now+7-d&geo=TW,8,2023-04-10
富邦產險,/trends/explore?q=%E5%AF%8C%E9%82%A6%E7%94%A2%E9%9A%AA&date=now+7-d&geo=TW,9,2023-04-10
馬克宏,/trends/explore?q=%E9%A6%AC%E5%85%8B%E5%AE%8F&date=now+7-d&geo=TW,10,2023-04-10
匯率,/trends/explore?q=%E5%8C%AF%E7%8E%87&date=now+7-d&geo=TW,11,2023-04-10
永豐銀行,/trends/explore?q=%E6%B0%B8%E8%B1%90%E9%8A%80%E8%A1%8C&date=now+7-d&geo=TW,12,2023-04-10
1111人力銀行,/trends/explore?q=1111%E4%BA%BA%E5%8A%9B%E9%8A%80%E8%A1%8C&date=now+7-d&geo=TW,13,2023-04-10
Scratch,/trends/explore?q=Scratch&date=now+7-d&geo=TW,14,2023-04-10
眼球中央電視台,/trends/explore?q=%E7%9C%BC%E7%90%83%E4%B8%AD%E5%A4%AE%E9%9B%BB%E8%A6%96%E5%8F%B0&date=now+7-d&geo=TW,15,2023-04-10
陳零九,/trends/explore?q=%E9%99%B3%E9%9B%B6%E4%B9%9D&date=now+7-d&geo=TW,16,2023-04-10
全民共享普發現金,/trends/explore?q=%E5%85%A8%E6%B0%91%E5%85%B1%E4%BA%AB%E6%99%AE%E7%99%BC%E7%8F%BE%E9%87%91&date=now+7-d&geo=TW,17,2023-04-10
Selina,/trends/explore?q=Selina&date=now+7-d&geo=TW,18,2023-04-10
國泰人壽,/trends/explore?q=%E5%9C%8B%E6%B3%B0%E4%BA%BA%E5%A3%BD&date=now+7-d&geo=TW,19,2023-04-10
台電,/trends/explore?q=%E5%8F%B0%E9%9B%BB&date=now+7-d&geo=TW,20,2023-04-10
鄭彩律,/trends/explore?q=%E9%84%AD%E5%BD%A9%E5%BE%8B&date=now+7-d&geo=TW,1,2023-04-11
CPI,/trends/explore?q=CPI&date=now+7-d&geo=TW,2,2023-04-11
沈可婷,/trends/explore?q=%E6%B2%88%E5%8F%AF%E5%A9%B7&date=now+7-d&geo=TW,3,2023-04-11
林昀儒,/trends/explore?q=%E6%9E%97%E6%98%80%E5%84%92&date=now+7-d&geo=TW,4,2023-04-11
劉世芳,/trends/explore?q=%E5%8A%89%E4%B8%96%E8%8A%B3&date=now+7-d&geo=TW,5,2023-04-11
Ravi,/trends/explore?q=Ravi&date=now+7-d&geo=TW,6,2023-04-11
台積電高雄,/trends/explore?q=%E5%8F%B0%E7%A9%8D%E9%9B%BB%E9%AB%98%E9%9B%84&date=now+7-d&geo=TW,7,2023-04-11
雞排妹,/trends/explore?q=%E9%9B%9E%E6%8E%92%E5%A6%B9&date=now+7-d&geo=TW,8,2023-04-11
華城,/trends/explore?q=%E8%8F%AF%E5%9F%8E&date=now+7-d&geo=TW,9,2023-04-11
李毓芬,/trends/explore?q=%E6%9D%8E%E6%AF%93%E8%8A%AC&date=now+7-d&geo=TW,10,2023-04-11
華夏科技大學,/trends/explore?q=%E8%8F%AF%E5%A4%8F%E7%A7%91%E6%8A%80%E5%A4%A7%E5%AD%B8&date=now+7-d&geo=TW,11,2023-04-11
台灣文蛤,/trends/explore?q=%E5%8F%B0%E7%81%A3%E6%96%87%E8%9B%A4&date=now+7-d&geo=TW,12,2023-04-11
美光,/trends/explore?q=%E7%BE%8E%E5%85%89&date=now+7-d&geo=TW,13,2023-04-11
王世堅,/trends/explore?q=%E7%8E%8B%E4%B8%96%E5%A0%85&date=now+7-d&geo=TW,14,2023-04-11
台泥,/trends/explore?q=%E5%8F%B0%E6%B3%A5&date=now+7-d&geo=TW,15,2023-04-11
良民證,/trends/explore?q=%E8%89%AF%E6%B0%91%E8%AD%89&date=now+7-d&geo=TW,16,2023-04-11
台指期,/trends/explore?q=%E5%8F%B0%E6%8C%87%E6%9C%9F&date=now+7-d&geo=TW,17,2023-04-11
TSMC,/trends/explore?q=TSMC&date=now+7-d&geo=TW,18,2023-04-11
王高成,/trends/explore?q=%E7%8E%8B%E9%AB%98%E6%88%90&date=now+7-d&geo=TW,1,2023-04-12
楊曜,/trends/explore?q=%E6%A5%8A%E6%9B%9C&date=now+7-d&geo=TW,2,2023-04-12
CPI,/trends/explore?q=CPI&date=now+7-d&geo=TW,3,2023-04-12
酷航,/trends/explore?q=%E9%85%B7%E8%88%AA&date=now+7-d&geo=TW,4,2023-04-12
漢翔,/trends/explore?q=%E6%BC%A2%E7%BF%94&date=now+7-d&geo=TW,5,2023-04-12
歐冠,/trends/explore?q=%E6%AD%90%E5%86%A0&date=now+7-d&geo=TW,6,2023-04-12
朴敘俊,/trends/explore?q=%E6%9C%B4%E6%95%98%E4%BF%8A&date=now+7-d&geo=TW,7,2023-04-12
LINE TODAY,/trends/explore?q=LINE+TODAY&date=now+7-d&geo=TW,8,2023-04-12
禁航區,/trends/explore?q=%E7%A6%81%E8%88%AA%E5%8D%80&date=now+7-d&geo=TW,9,2023-04-12
貿易壁壘,/trends/explore?q=%E8%B2%BF%E6%98%93%E5%A3%81%E5%A3%98&date=now+7-d&geo=TW,10,2023-04-12
葛斯齊,/trends/explore?q=%E8%91%9B%E6%96%AF%E9%BD%8A&date=now+7-d&geo=TW,11,2023-04-12
莊鍶敏,/trends/explore?q=%E8%8E%8A%E9%8D%B6%E6%95%8F&date=now+7-d&geo=TW,12,2023-04-12
地震魚,/trends/explore?q=%E5%9C%B0%E9%9C%87%E9%AD%9A&date=now+7-d&geo=TW,13,2023-04-12
潑水節,/trends/explore?q=%E6%BD%91%E6%B0%B4%E7%AF%80&date=now+7-d&geo=TW,14,2023-04-12
NBA附加賽,/trends/explore?q=NBA%E9%99%84%E5%8A%A0%E8%B3%BD&date=now+7-d&geo=TW,15,2023-04-12
曼城,/trends/explore?q=%E6%9B%BC%E5%9F%8E&date=now+7-d&geo=TW,16,2023-04-12
中工,/trends/explore?q=%E4%B8%AD%E5%B7%A5&date=now+7-d&geo=TW,17,2023-04-12
國民法官,/trends/explore?q=%E5%9C%8B%E6%B0%91%E6%B3%95%E5%AE%98&date=now+7-d&geo=TW,18,2023-04-12
南亞科,/trends/explore?q=%E5%8D%97%E4%BA%9E%E7%A7%91&date=now+7-d&geo=TW,19,2023-04-12
興富發,/trends/explore?q=%E8%88%88%E5%AF%8C%E7%99%BC&date=now+7-d&geo=TW,20,2023-04-12
我推的孩子,/trends/explore?q=%E6%88%91%E6%8E%A8%E7%9A%84%E5%AD%A9%E5%AD%90&date=now+7-d&geo=TW,1,2023-04-13
國安基金,/trends/explore?q=%E5%9C%8B%E5%AE%89%E5%9F%BA%E9%87%91&date=now+7-d&geo=TW,2,2023-04-13
ROG Phone 7,/trends/explore?q=ROG+Phone+7&date=now+7-d&geo=TW,3,2023-04-13
賴清德,/trends/explore?q=%E8%B3%B4%E6%B8%85%E5%BE%B7&date=now+7-d&geo=TW,4,2023-04-13
高端,/trends/explore?q=%E9%AB%98%E7%AB%AF&date=now+7-d&geo=TW,5,2023-04-13
李昇基,/trends/explore?q=%E6%9D%8E%E6%98%87%E5%9F%BA&date=now+7-d&geo=TW,6,2023-04-13
中鋼紀念品,/trends/explore?q=%E4%B8%AD%E9%8B%BC%E7%B4%80%E5%BF%B5%E5%93%81&date=now+7-d&geo=TW,7,2023-04-13
王世堅,/trends/explore?q=%E7%8E%8B%E4%B8%96%E5%A0%85&date=now+7-d&geo=TW,8,2023-04-13
NMIXX,/trends/explore?q=NMIXX&date=now+7-d&geo=TW,9,2023-04-13
大立光,/trends/explore?q=%E5%A4%A7%E7%AB%8B%E5%85%89&date=now+7-d&geo=TW,10,2023-04-13
台東大學,/trends/explore?q=%E5%8F%B0%E6%9D%B1%E5%A4%A7%E5%AD%B8&date=now+7-d&geo=TW,11,2023-04-13
4070,/trends/explore?q=4070&date=now+7-d&geo=TW,12,2023-04-13
泰國潑水節,/trends/explore?q=%E6%B3%B0%E5%9C%8B%E6%BD%91%E6%B0%B4%E7%AF%80&date=now+7-d&geo=TW,13,2023-04-13
翁記滷肉飯,/trends/explore?q=%E7%BF%81%E8%A8%98%E6%BB%B7%E8%82%89%E9%A3%AF&date=now+7-d&geo=TW,14,2023-04-13
台船,/trends/explore?q=%E5%8F%B0%E8%88%B9&date=now+7-d&geo=TW,15,2023-04-13
日月光,/trends/explore?q=%E6%97%A5%E6%9C%88%E5%85%89&date=now+7-d&geo=TW,16,2023-04-13
東離劍遊紀M,/trends/explore?q=%E6%9D%B1%E9%9B%A2%E5%8A%8D%E9%81%8A%E7%B4%80M&date=now+7-d&geo=TW,17,2023-04-13
伍佰,/trends/explore?q=%E4%BC%8D%E4%BD%B0&date=now+7-d&geo=TW,18,2023-04-13
Ariana Grande,/trends/explore?q=Ariana+Grande&date=now+7-d&geo=TW,19,2023-04-13
龍德造船,/trends/explore?q=%E9%BE%8D%E5%BE%B7%E9%80%A0%E8%88%B9&date=now+7-d&geo=TW,20,2023-04-13
空氣品質,/trends/explore?q=%E7%A9%BA%E6%B0%A3%E5%93%81%E8%B3%AA&date=now+7-d&geo=TW,1,2023-04-14
薩爾達傳說王國之淚,/trends/explore?q=%E8%96%A9%E7%88%BE%E9%81%94%E5%82%B3%E8%AA%AA%E7%8E%8B%E5%9C%8B%E4%B9%8B%E6%B7%9A&date=now+7-d&geo=TW,2,2023-04-14
玖壹壹,/trends/explore?q=%E7%8E%96%E5%A3%B9%E5%A3%B9&date=now+7-d&geo=TW,3,2023-04-14
周星馳,/trends/explore?q=%E5%91%A8%E6%98%9F%E9%A6%B3&date=now+7-d&geo=TW,4,2023-04-14
Rose,/trends/explore?q=Rose&date=now+7-d&geo=TW,5,2023-04-14
台達電,/trends/explore?q=%E5%8F%B0%E9%81%94%E9%9B%BB&date=now+7-d&geo=TW,6,2023-04-14
黃健庭,/trends/explore?q=%E9%BB%83%E5%81%A5%E5%BA%AD&date=now+7-d&geo=TW,7,2023-04-14
芬太尼,/trends/explore?q=%E8%8A%AC%E5%A4%AA%E5%B0%BC&date=now+7-d&geo=TW,8,2023-04-14
曼聯,/trends/explore?q=%E6%9B%BC%E8%81%AF&date=now+7-d&geo=TW,9,2023-04-14
周慧敏,/trends/explore?q=%E5%91%A8%E6%85%A7%E6%95%8F&date=now+7-d&geo=TW,10,2023-04-14
廣達,/trends/explore?q=%E5%BB%A3%E9%81%94&date=now+7-d&geo=TW,11,2023-04-14
劉瑞琪,/trends/explore?q=%E5%8A%89%E7%91%9E%E7%90%AA&date=now+7-d&geo=TW,12,2023-04-14
AutoGPT,/trends/explore?q=AutoGPT&date=now+7-d&geo=TW,13,2023-04-14
Aston Martin,/trends/explore?q=Aston+Martin&date=now+7-d&geo=TW,14,2023-04-14
藍眼淚,/trends/explore?q=%E8%97%8D%E7%9C%BC%E6%B7%9A&date=now+7-d&geo=TW,15,2023-04-14
台達電股價,/trends/explore?q=%E5%8F%B0%E9%81%94%E9%9B%BB%E8%82%A1%E5%83%B9&date=now+7-d&geo=TW,16,2023-04-14
